{
  "formatVersion": 1,
  "database": {
    "version": 2,
    "identityHash": "3e1095fcd74edb0edc506f32734f3379",
    "entities": [
      {
        "tableName": "products",
        "createSql": "CREATE TABLE IF NOT EXISTS `${TABLE_NAME}` (`id` INTEGER NOT NULL, `name` TEXT, `description` TEXT, `price` INTEGER NOT NULL, PRIMARY KEY(`id`))",
        "fields": [
          {
            "fieldPath": "id",
            "columnName": "id",
            "affinity": "INTEGER",
            "notNull": true
          },
          {
            "fieldPath": "name",
            "columnName": "name",
            "affinity": "TEXT",
            "notNull": false
          },
          {
            "fieldPath": "description",
            "columnName": "description",
            "affinity": "TEXT",
            "notNull": false
          },
          {
            "fieldPath": "price",
            "columnName": "price",
            "affinity": "INTEGER",
            "notNull": true
          }
        ],
        "primaryKey": {
          "columnNames": [
            "id"
          ],
          "autoGenerate": false
        },
        "indices": [],
        "foreignKeys": []
      },
      {
        "ftsVersion": "FTS4",
        "ftsOptions": {
          "tokenizer": "simple",
          "tokenizerArgs": [],
          "contentTable": "products",
          "languageIdColumnName": "",
          "matchInfo": "FTS4",
          "notIndexedColumns": [],
          "prefixSizes": [],
          "preferredOrder": "ASC"
        },
        "contentSyncTriggers": [
          "CREATE TRIGGER IF NOT EXISTS room_fts_content_sync_productsFts_BEFORE_UPDATE BEFORE UPDATE ON `products` BEGIN DELETE FROM `productsFts` WHERE `docid`=OLD.`rowid`; END",
          "CREATE TRIGGER IF NOT EXISTS room_fts_content_sync_productsFts_BEFORE_DELETE BEFORE DELETE ON `products` BEGIN DELETE FROM `productsFts` WHERE `docid`=OLD.`rowid`; END",
          "CREATE TRIGGER IF NOT EXISTS room_fts_content_sync_productsFts_AFTER_UPDATE AFTER UPDATE ON `products` BEGIN INSERT INTO `productsFts`(`docid`, `name`, `description`) VALUES (NEW.`rowid`, NEW.`name`, NEW.`description`); END",
          "CREATE TRIGGER IF NOT EXISTS room_fts_content_sync_productsFts_AFTER_INSERT AFTER INSERT ON `products` BEGIN INSERT INTO `productsFts`(`docid`, `name`, `description`) VALUES (NEW.`rowid`, NEW.`name`, NEW.`description`); END"
        ],
        "tableName": "productsFts",
        "createSql": "CREATE VIRTUAL TABLE IF NOT EXISTS `${TABLE_NAME}` USING FTS4(`name` TEXT, `description` TEXT, content=`products`)",
        "fields": [
          {
            "fieldPath": "name",
            "columnName": "name",
            "affinity": "TEXT",
            "notNull": false
          },
          {
            "fieldPath": "description",
            "columnName": "description",
            "affinity": "TEXT",
            "notNull": false
          }
        ],
        "primaryKey": {
          "columnNames": [],
          "autoGenerate": false
        },
        "indices": [],
        "foreignKeys": []
      },
      {
        "tableName": "comments",
        "createSql": "CREATE TABLE IF NOT EXISTS `${TABLE_NAME}` (`id` INTEGER PRIMARY KEY AUTOINCREMENT NOT NULL, `productId` INTEGER NOT NULL, `text` TEXT, `postedAt` INTEGER, FOREIGN KEY(`productId`) REFERENCES `products`(`id`) ON UPDATE NO ACTION ON DELETE CASCADE )",
        "fields": [
          {
            "fieldPath": "id",
            "columnName": "id",
            "affinity": "INTEGER",
            "notNull": true
          },
          {
            "fieldPath": "productId",
            "columnName": "productId",
            "affinity": "INTEGER",
            "notNull": true
          },
          {
            "fieldPath": "text",
            "columnName": "text",
            "affinity": "TEXT",
            "notNull": false
          },
          {
            "fieldPath": "postedAt",
            "columnName": "postedAt",
            "affinity": "INTEGER",
            "notNull": false
          }
        ],
        "primaryKey": {
          "columnNames": [
            "id"
          ],
          "autoGenerate": true
        },
        "indices": [
          {
            "name": "index_comments_productId",
            "unique": false,
            "columnNames": [
              "productId"
            ],
            "createSql": "CREATE INDEX IF NOT EXISTS `index_comments_productId` ON `${TABLE_NAME}` (`productId`)"
          }
        ],
        "foreignKeys": [
          {
            "table": "products",
            "onDelete": "CASCADE",
            "onUpdate": "NO ACTION",
            "columns": [
              "productId"
            ],
            "referencedColumns": [
              "id"
            ]
          }
        ]
      }
    ],
    "views": [],
    "setupQueries": [
      "CREATE TABLE IF NOT EXISTS room_master_table (id INTEGER PRIMARY KEY,identity_hash TEXT)",
      "INSERT OR REPLACE INTO room_master_table (id,identity_hash) VALUES(42, '3e1095fcd74edb0edc506f32734f3379')"
    ]
  }
}